gestureName,meanPeakStart_s,meanPeakEnd_s,meanPeakDuration_s,meanPeakCenter_s,stdPeakCenter_s
Hand Close,0.516741071428571,1.51625279017857,1,1.01649693080357,0.743673594970601
Hand Open,0.631766183035714,1.63127790178571,1,1.13152204241071,0.814011680133161
Wrist Extension,0.407087053571429,1.40659877232143,1,0.906842912946429,0.609581461713806
Wrist Flexion,1.7802734375,2.7529296875,0.97314453125,2.2666015625,1.44060274797909
